binomial,y_2000,y_2001,y_2002,y_2003,y_2004,y_2005,y_2006,y_2007,y_2008,y_2009,y_2010,y_2011,y_2012,y_2013,y_2014,y_2015,y_2016,y_2017,y_2018,y_2019,y_2020,y_2021,y_2022,y_2023,y_2024
Addax nasomaculatus,2367261.56148498,2360335.92286845,2336332.84256659,2338922.15006267,2343209.48886877,2331389.03035436,2333151.41128412,2325525.42933713,2323360.17450217,2313649.9643282,2326445.4719293,2303707.61098664,2303991.98540224,2304339.93425577,2280440.81629551,2298658.33533459,2283735.47189246,2281375.03644172,2263773.54403609,2270151.39823073,2261176.25032408,2270159.17683323,2256142.00484365,2257795.31133316,2272944.07190757
Aepyceros melampus,47620017258.2499,47694091872.4882,47071447664.0208,47256564015.1956,47325198791.8021,47008170061.4892,47079611119.4286,46783538362.1421,46645279260.2329,46865526254.9626,46677642892.7433,46484634375.1054,46275387596.2248,46112935371.678,46018084889.6263,46206734098.4222,46054845471.0453,45990020561.6641,46031141073.1345,45701092605.2766,45831814641.5517,45663844648.6009,45708340485.1354,45731610147.7242,45615157598.5147
Alcelaphus buselaphus,18119823855.2584,18151472392.0844,18135201073.6801,18018000523.0429,18049659038.9761,18102987251.6896,17904119311.4685,17985530771.356,17809545573.6123,17881624722.0474,17756033792.214,17743784523.2849,17761072760.3574,17707728961.4446,17679039619.8726,17741196866.5573,17664766358.5747,17579342654.0574,17515087492.7971,17349607963.2528,17549003143.7711,17426164636.0467,17505956453.8253,17467792470.0074,17480748364.8079
Alces alces,220095472632.439,219239684312.2,220137300942.228,219570326773.814,218195325125.279,219233173863.874,218510905291.425,218873715763.543,216888948229.452,218369463392.108,216221839124.728,215532143759.136,216751398705.832,214621167431.586,214264046973.918,214717109194.205,212402795310.231,212831241647.442,213078361267.664,214341881656.381,213838514643.298,212997659022.896,212155720847.869,211875207141.716,212881368913.916
Ammodorcas clarkei,32435109.9822673,32035668.1028874,32339888.181199,32340713.5339321,32198275.5122287,32170824.393958,31870822.7773317,31770720.1486709,31754844.8511733,31921308.636844,31644443.4358164,31728608.1663745,31617305.5975721,31311555.1122177,31559228.3621988,31359957.2459124,31231037.7050991,31143262.4387872,30915667.8078688,31140626.2801723,30940024.6379127,30936380.1812477,30966465.3548527,30933507.9773279,30810234.2357179
Ammotragus lervia,289226684.964999,288628600.854192,289432894.549643,288231510.373754,286270030.044227,286313957.301258,286072510.112485,284904656.000491,284631856.495103,285633506.13833,282830188.512421,282733751.380014,282616514.933085,281839318.73526,282090354.893783,280840409.835666,279840739.766928,279515561.36049,279614603.077377,277924577.810399,277249490.644023,277334637.262586,275328239.498712,277343717.103349,276128829.349035
Antidorcas marsupialis,21657077031.1981,21399733632.0312,21514976267.4803,21347649417.1346,21289704860.5387,21280667688.4667,21238682325.602,21222396125.7908,21200896410.6204,21072676734.1713,21055102375.1245,21043695339.5799,20928161003.0455,21049344465.5233,20929965776.7401,20833180697.9656,20801247475.1903,20888025742.416,20830251782.7245,20596121106.7404,20819342270.0725,20697888448.3682,20641786023.2831,20616177133.4691,20620776812.0491
Antilocapra americana,13454455887.3776,13393408512.4748,13413812298.0082,13319771605.0376,13251619536.9831,13256118685.0718,13232236816.755,13289408133.882,13124854081.4173,13153931234.2325,13137592525.0686,13062828040.9406,12991189545.2784,13062613080.5509,13034461096.1983,12909670536.3071,12900563922.6742,12944417203.4041,12979136268.186,12926490490.9874,12814582491.4173,12893751419.9728,12883202909.8389,12841634409.6298,12901718415.5786
Antilope cervicapra,512022196.745628,513591108.471987,512186611.761431,514083844.580716,508913902.461457,511570411.032676,510964050.484722,511454606.01866,508630734.195533,507878880.943576,507262855.784884,500041459.793083,506501121.274192,502074177.622876,501797264.260694,504232378.55334,500542805.757685,496164039.234225,498257932.624027,496724810.717962,498309028.748941,494294286.824847,497618110.437555,493924406.168302,495111526.919327
Arabitragus jayakari,78511884.2484367,78251028.014753,78080703.3592452,77781144.3895846,77633968.0221114,77455371.108968,77284081.6813038,77224272.7647954,77114382.601836,76594521.3816179,76642175.4088048,76415616.3888929,76307681.0909632,76268252.5725977,76200148.2197687,75864821.3698007,75870957.9231598,75734190.0170701,75442564.2066267,75312816.8987476,75207630.6417336,75231473.5604496,74981480.4778944,75315454.2685026,74912635.3980167
Axis axis,17315790016.1568,17285692337.7037,17244145758.2028,17215973096.7369,17117444316.6271,17141951071.2328,17106357904.6813,17049625925.1468,17017049169.4372,16962600312.7311,16961989075.7908,16893739259.5954,16897774111.8213,16833421432.8422,16808022997.9617,16764871695.2556,16736624903.1019,16735163248.8805,16686397673.3721,16647297194.1976,16607172470.324,16602298443.3335,16615593014.6013,16605284870.7052,16605223625.4194
Axis calamianensis,67485282.4377047,67404572.6504717,66903907.0529817,66881032.9140314,66951970.9877114,66693733.7502001,66805701.4464282,66585230.642433,66384896.6295724,66299118.6005246,66126022.0910075,65825019.4267025,66001159.2318737,65718384.3148184,65602380.3519926,65394074.6286961,65125899.9750568,65261976.8057062,65066719.198461,65007487.3083732,65010937.013611,64968744.8733534,64646742.0613342,64810189.16361,64766861.1801429
Axis kuhlii,7748320.71474991,7725206.53557894,7677458.93300599,7662965.23959197,7588167.03559659,7655798.86485759,7644973.09362584,7661644.97352711,7552533.66400854,7551235.70794499,7578720.0490969,7547649.50829467,7529783.73697715,7502245.18241573,7484985.8748837,7420072.95213468,7433937.65443254,7447047.78516348,7434451.09312318,7439291.55604469,7406946.51390562,7440043.34423217,7409825.39742205,7455119.26470017,7434603.0964018
Beatragus hunteri,7817557.22243734,7789675.68413287,7822411.62161509,7773163.31425577,7746156.76473236,7695513.60225234,7724391.36210258,7714994.0574497,7657825.73638398,7684662.96203135,7693352.02456079,7641639.13274116,7597939.43943289,7609803.44535907,7588079.65993793,7573374.45939942,7553560.70543008,7516758.17005939,7520746.46578655,7533731.80629324,7563170.51707741,7528042.50206224,7483409.65802835,7487886.7939934,7525604.04512344
Bison bison,7003235881.50559,7014793746.47215,6968969634.80896,7001355626.87586,6926400775.47926,6977860175.33607,6885828219.85151,6934634394.74461,6908081812.87373,6849461495.82331,6838882174.30934,6860510181.5238,6903280597.04112,6847459869.12669,6793085589.22067,6795624277.53641,6796076499.73356,6760426866.18385,6800770179.17611,6794709752.2253,6729104589.74144,6759061996.13277,6732258585.26926,6664417529.3836,6727104424.72607
Bos gaurus,6033575260.23256,6030064570.05013,6034958076.29923,6013032870.9747,5966787800.11946,5981844482.96801,5962619860.38422,5969389106.74944,5973968240.77383,5897282254.4396,5889374114.93167,5887904896.54277,5883609568.72844,5874646917.86522,5903794948.59359,5895041624.87942,5857023963.60736,5843154281.03564,5810772262.0675,5798923206.54787,5861119836.18081,5794161577.17111,5763191939.07022,5773699559.93359,5807333052.79183
Bos javanicus,1788988085.06889,1773154818.03423,1751306806.96109,1762032623.32399,1762359479.09967,1759152432.32528,1747807654.83238,1740010788.07688,1742011601.36067,1732165344.91941,1737322797.72976,1732691897.58055,1712615952.42397,1732682341.0399,1725241304.28704,1712878476.3946,1705911810.78713,1704475429.97262,1703439114.34081,1697772735.1896,1693321525.33096,1706290627.58935,1698663309.50829,1701692193.64424,1690146682.91773
Bos mutus,3003611967.27097,2993946887.47356,2991108665.52347,2968550347.12807,2984724212.22596,2961658794.82777,2957059920.76281,2949391965.81315,2963548853.96626,2953418205.4494,2933254664.77333,2924685742.1774,2904454169.08448,2926852780.05852,2911763615.08485,2910876329.63523,2902245841.40553,2899099872.52304,2878097070.57984,2889440348.40482,2880361074.0501,2892110033.28372,2878644091.45011,2883023478.7436,2874372149.10243
Boselaphus tragocamelus,8089808655.82592,8004334253.08534,8003546549.45867,8052400125.76525,8052606070.7805,7990858117.17163,7898474046.91084,7918808338.71356,7935511290.68089,7908853894.38407,7876769301.74966,7923601934.488,7856866285.18872,7782829836.02002,7778475338.38479,7766450464.94219,7790369162.78856,7757298734.21353,7745563873.14736,7754833252.52447,7749375319.7849,7681044498.7176,7727926686.22518,7687421348.36709,7765514142.79901
Bubalus depressicornis,321742102.358698,321725907.275024,321791321.106358,322120452.041127,320534184.482386,317160010.804036,317566503.086756,318687544.198783,316901079.647475,317985576.840528,316404003.968104,314733158.606975,316417148.733024,312483709.902431,312738127.794575,313861912.796878,312931996.09977,312859558.820698,310706073.29944,312056034.868414,313484686.289674,308326135.749418,310843789.006085,310687610.02213,306973199.693326
Bubalus mindorensis,36284865.4377915,36188055.5362996,35901215.3037362,36193257.5001759,35856388.2014734,35883603.9404586,35795790.9182219,35804120.6900549,35621188.3143362,35468375.663709,35341781.0118759,35551801.227943,35267886.3567221,35414458.2560239,35176284.9105325,34908787.958184,35059502.5160794,35131230.1588994,34800548.6510477,34678429.2756423,34788955.2789365,34661693.2626837,34755569.0649238,34777843.5325473,34739803.0149893
Bubalus quarlesi,4280580.63136011,4290875.80434318,4256389.90828833,4243103.4525638,4235830.84520815,4223152.83783432,4220941.68256756,4210437.53840595,4206689.27834687,4222583.6081238,4174737.21777513,4145078.75777858,4168685.93924498,4164040.28367008,4147426.65155332,4101432.72598654,4141842.94056427,4116133.4838187,4135474.468987,4116115.96817958,4123271.58455342,4115102.76147326,4100336.54354638,4107356.49974295,4089451.92422091
Budorcas taxicolor,4569636602.33306,4559085622.20829,4545303727.43696,4537263952.40548,4531617067.80223,4517208507.43743,4507365838.37027,4507266673.0752,4477015781.78976,4472900807.82756,4483388139.48239,4460672472.33756,4457879896.07895,4439846125.0303,4437274027.63154,4424578225.85079,4415148351.13325,4408546334.42645,4391558961.35969,4389449737.86168,4374008551.97888,4374436147.14005,4376230596.17698,4362715027.85113,4372432738.69169
Camelus ferus,120545980.951636,120635958.818909,119906908.525965,120441941.675445,120501298.585994,120464434.830759,118543431.037205,118524495.159422,119129465.960336,117887719.508749,118127693.829972,118407204.986622,117516523.477784,117317966.164217,116775512.843139,116711030.444553,117270134.282599,116240684.899631,115628355.447228,115397248.616634,116442647.256282,115261003.131449,115539105.463625,115126826.099896,115635263.355649
Capra aegagrus,1336406901.59739,1332498172.76951,1323496689.38224,1328240688.73925,1320844102.64504,1319769940.97643,1317895193.96164,1313551625.53807,1308723401.68817,1309006253.3771,1303713716.96718,1306059452.17837,1297725768.94199,1299519735.84575,1296310591.94919,1292110652.29763,1288559134.86112,1287152110.84473,1287625252.88706,1284248576.37586,1282585743.10236,1278833348.73425,1281019808.75585,1277911969.81204,1279815246.084
Capra caucasica,95538562.8932381,95682488.7698257,95217083.5068175,95119920.3193928,94639032.7615903,94014502.3717189,94474586.1747306,94085409.4130375,93930554.8541209,93561900.294875,94082183.494721,92729830.0574955,93700899.6191396,92933352.6336354,93048748.253329,92033209.6071678,92094176.7023532,92751713.9684144,91971703.2262595,91725820.6977713,92076258.840888,91337762.0225529,91357430.5359849,91668191.4293357,91470968.5907679
Capra cylindricornis,542148318.811895,545444898.516322,543654082.827362,545284691.830026,543982250.133172,538777211.724725,538017752.133297,534633157.532698,535452391.307933,536711782.9756,535424291.432916,532834323.606175,530149231.86595,528917340.077915,529298810.055712,528133188.462397,530197584.469421,525474290.503249,525099601.507727,525891088.69342,523335604.755692,523952804.589705,522931810.525035,523602526.519537,526840272.937391
Capra falconeri,154710218.358586,154263062.985085,154080556.615993,152703862.389372,152211219.54769,153497853.445263,152569871.828407,151374295.960374,150862112.275693,151357852.632629,151489326.315794,149876534.119036,149532181.346828,149292277.172412,148857254.138016,148686654.986794,148920639.05168,148455116.811526,148784929.962987,148850894.18684,148106712.715313,146380167.937853,146818466.046703,147980863.877595,147482282.562102
Capra ibex,1000677445.28331,1003646154.3723,997945023.658621,995585460.099725,993248807.638839,991165486.659958,992741994.893245,988024326.675813,983222546.683345,983108989.84609,985855151.970263,980205815.93986,978343951.824363,979487990.015449,970973517.88891,971900752.996073,969663647.519438,970338928.072691,966624949.54703,960769645.108557,961271600.429686,963490135.220379,962037299.906556,954591663.326351,962324360.493925
Capra nubiana,448013511.545783,448318790.338894,447092973.197196,444486421.111025,444321919.486564,444353676.856977,444154877.690165,442568784.789489,443044363.127095,440955924.29849,440053151.794242,438772792.118784,437324326.040684,436941878.316308,435297057.27926,435146342.961085,434429503.502181,433936368.789002,433297981.126533,432362086.53748,431571547.488711,431006283.801408,430881477.043547,430269684.158837,430050308.051302
Capra pyrenaica,1344097755.55298,1340279015.6667,1348256989.89835,1340509473.92737,1335289431.82306,1333236206.97,1325357478.25063,1329593390.01861,1326776934.93825,1327990949.80352,1315522801.20892,1322618096.81752,1309680924.06262,1307839421.25126,1306442675.40097,1307639312.44008,1311774827.17066,1302718590.2934,1298978189.99628,1300871293.82142,1302829884.78611,1289222054.08723,1292325081.46818,1285335330.2843,1295154200.97662
Capra sibirica,9908280685.97405,9788302217.96106,9885845425.25605,9824857814.01921,9742936689.4833,9758604086.60923,9666968727.7309,9700832127.42356,9700016496.23797,9658455363.03883,9675236674.99032,9678022935.95826,9643736780.0766,9579702010.70416,9586371785.37775,9560604798.06272,9551577336.52199,9502487633.15515,9533424148.82205,9496805100.30247,9486004655.06514,9522747619.2098,9541424536.25974,9473083796.1186,9544967612.31381
Capra walie,14789764.8404722,14699762.2441382,14697193.1083192,14688432.0891186,14688253.7530586,14622909.8358129,14633471.5955421,14506476.4329281,14378532.4678086,14553061.4284819,14496940.3016807,14454333.1865586,14382479.8533781,14439448.5185671,14314549.571195,14309832.7603811,14361623.8349792,14296191.3079452,14286100.1050476,14278889.9407287,14167550.3354404,14210171.9681556,14194098.9545742,14150947.3911117,14125021.165353
Capreolus capreolus,137758587700.193,136277765384.149,137234203906.671,136192020388.327,135570059566.178,135447333738.297,134511022755.206,135611876942.259,134663577104.488,133850695313.271,134096305794.353,134150524548.975,133977555562.882,132836674606.105,133114562375.786,132422700755.976,133289063451.321,131537503321.367,131433026283.901,131546565501.398,132729635392.548,132150430917.553,130605166947.302,131418538383.569,131582276602.604
Capreolus pygargus,11675349407.6034,11689887819.4041,11564519560.419,11573505035.343,11508919467.5606,11541798494.0565,11537817811.8919,11527260531.3477,11466258669.3886,11429848084.0861,11382912586.6804,11443399242.8353,11420189846.0745,11389932840.013,11329192041.9774,11337982118.372,11275348656.9795,11274308741.9675,11256364618.4198,11249129409.002,11265313354.8318,11216494440.4969,11151241517.7896,11205477255.8875,11216355419.0301
Capricornis crispus,1789381694.01688,1788064633.90145,1787974073.26705,1782161393.58497,1774223619.36459,1771226744.40691,1770257775.984,1764022327.78776,1769902072.18181,1757836022.2275,1751925994.06191,1744974856.23059,1750272826.03667,1741020405.11462,1747218680.81333,1738639852.43252,1728445258.11222,1733370574.61524,1733932659.53367,1732117588.81941,1718604489.51344,1714997572.89073,1711403564.30126,1723788405.36297,1713550658.66323
Capricornis rubidus,5147102724.46908,5162712085.30879,5128738077.04564,5129052031.24759,5108535375.82676,5113482605.40034,5092633866.84497,5087641348.6707,5050022341.2538,5068974324.22642,5049992261.44892,5039576733.64537,5018900271.86922,5011486108.39869,5004077338.51396,5001104357.92216,4961329331.63603,4983102765.93373,4965747481.79729,4955047693.59422,4940857021.31038,4948995290.53324,4962668838.11655,4939913380.25093,4943166848.39678
Capricornis sumatraensis,4454993571.61901,4442141076.97821,4446796203.10113,4413978960.68411,4420702161.8154,4406129207.05288,4387318165.35123,4384111306.01117,4370940655.3939,4364674635.14858,4364748782.58438,4359572605.48,4338383228.43715,4324952517.35194,4321314671.56431,4302124913.91319,4311600598.2037,4301096307.06904,4278127518.29876,4282079268.09992,4277006966.96838,4291206587.01221,4265241855.1163,4265813882.0182,4279106787.07592
Capricornis swinhoei,1560197817.32288,1553754397.64257,1557103386.06413,1553362489.40317,1547369784.91142,1544346514.11536,1540829961.94686,1534074546.86419,1535365602.97785,1528952382.22832,1526686586.00759,1527070435.38623,1520688691.93951,1516064862.49555,1512026736.73904,1514112495.54872,1509299237.54863,1504920017.34258,1499235933.74321,1501546759.05144,1496839333.31518,1494397070.67658,1499288677.40416,1497927492.48407,1493045112.34241
Cephalophus adersi,44901868.2119344,44985549.7741335,44437307.6283373,44299520.7770777,44433238.4895521,44323793.4187754,44462803.5536199,44342305.2987593,43905010.2810508,43866801.6197247,43997570.959612,43794715.5230541,43680057.357504,43409738.2380076,43498457.4819941,43502919.9195379,43198663.0157482,43241299.5929225,43133123.6836069,42978715.4549278,42891795.7860787,43044527.0330954,43003657.0023769,42814555.371009,42668601.3851441
Cephalophus callipygus,1986856299.40754,1985981255.06001,1965849407.41074,1965403349.90357,1975066302.03589,1957673959.25475,1958974580.43962,1962881166.62783,1962948264.45086,1973355546.43392,1940372075.21863,1953735092.93142,1939182223.30984,1931747974.19549,1927294946.80327,1922367196.58745,1921326623.03739,1902663688.25314,1930050035.36791,1920426046.17772,1911961812.32449,1912415416.8346,1917115330.07006,1905686682.11876,1907895835.72206
Cephalophus dorsalis,3775881063.601,3713186670.54017,3722121949.88881,3707303970.19325,3715677943.48067,3700311249.41672,3664162555.62581,3690375491.38132,3702249256.01657,3672977747.86699,3654554955.94908,3660984728.37405,3670813582.16714,3620993584.88743,3630801016.27106,3607079194.6921,3628852256.32593,3583156383.67965,3598768923.06052,3570076783.84903,3610728569.75846,3568312988.26452,3577849778.65843,3595410507.13303,3571732829.17161
Cephalophus harveyi,1111592343.95466,1108431709.70517,1108774950.62738,1104923254.55121,1101226209.34969,1099581450.4611,1096687897.67138,1094829508.61749,1088737330.22649,1091316578.0572,1086128348.76657,1089622010.15884,1080966088.18544,1082092846.09907,1079355639.96729,1076920006.66292,1073212532.66604,1073842327.15312,1072147013.05654,1068986153.1681,1070825141.52096,1066293545.74652,1066841269.36639,1065241548.46963,1067071549.43829
Cephalophus jentinki,61847368.1383182,61246704.1355475,61529925.9531403,61284848.8419211,61869532.8788647,61341130.5742189,61006421.1626294,60943444.853768,60909081.6961389,60753257.2216492,60561837.8645245,60643433.2038812,59872972.492116,60299928.1443872,60310928.2064751,60456623.8931288,59866018.023431,59754347.0112165,59452012.4391231,59273074.2875604,59482522.0228776,59491849.2755838,59194337.9672192,59484780.730356,59587283.5627681
Cephalophus leucogaster,994985997.669955,989433895.769087,994026226.676862,992693881.195384,983462840.475036,983346354.163796,979582434.468326,988372862.306282,978368745.769317,975458156.070196,971936220.957366,970068038.496337,971442048.167138,961796276.627306,963585762.910045,968203497.164194,963535268.507047,955845995.348467,964274405.53818,964359396.10359,960842825.423156,950262297.699641,953342601.681495,954030142.385157,957427154.76838
Cephalophus natalensis,134301769.563032,133298074.858452,133637955.170457,132809178.823956,132157766.737244,132080887.392238,131381893.108013,131917651.000923,131958093.761081,131783568.677462,131733961.779057,131766221.910946,130223654.724516,130948804.39079,130199130.495723,129176641.299314,129913155.695673,129562334.889203,128771635.52862,129878647.445508,128571769.898165,128611806.542545,129073871.712956,129049204.356509,128709123.283074
Cephalophus niger,517926074.636866,516001821.531568,515767170.303036,510134584.185519,507602494.64279,512071324.017267,511540434.833137,505892629.167756,507876070.003851,505455211.99191,505751445.73984,506071207.446989,502582590.792218,500785707.727389,498980243.118813,500550639.903013,500664674.263774,500351506.979155,498290411.65507,498280718.57533,494236537.592403,495733772.055745,494490744.76805,494328242.46141,489825575.229653
Cephalophus nigrifrons,1157154370.20737,1157685645.35576,1155320244.16467,1152046598.16409,1158395315.12516,1146943374.47452,1147704682.52981,1134629197.2582,1138788634.98271,1138882225.94353,1132075066.87259,1134243007.3625,1124675697.65776,1125847356.16702,1130542524.32379,1125604694.38535,1121058119.85625,1117989405.61964,1118379252.55082,1106304260.42302,1113525580.47828,1110506081.43876,1104854319.97386,1111584260.84711,1105054743.52358
Cephalophus ogilbyi,163853739.103022,163784861.393491,163263835.37694,162376184.81658,162624408.803997,161116643.849451,161718470.261866,160888951.924088,161473449.295325,160383400.878947,161037098.887935,160874864.444274,159541675.437556,159385157.818977,159162381.321297,158359724.668988,159022360.435708,157692244.671884,157624821.775809,159042724.114067,156729649.963635,158281544.45984,156703312.79984,156188213.157138,156277981.984441
Cephalophus rufilatus,508234738.53759,504154074.220596,506240832.10387,504036515.905815,497101854.07261,499873393.599417,497926075.844613,497033061.925642,496931229.872669,498435559.437978,494609194.772914,492443688.271875,493329453.555388,493175874.552724,491037434.576587,486902767.769456,490199793.65934,483044763.504568,488872411.345677,482167603.98133,488515398.715892,485475057.663832,484615052.564723,484172963.186204,483193937.579935
Cephalophus silvicultor,3092197082.59377,3098474542.61919,3090901249.09989,3079644627.3249,3057432181.96692,3064481809.17499,3066874901.29395,3048093699.70907,3013972854.44672,3044330831.99502,3036314692.20146,3016234702.3044,3007657870.53232,3009204405.76422,3004343083.70435,3001306656.86222,2999819897.74744,2964934100.48707,2991426610.81965,2963013383.13163,2974905517.06464,2966985876.60242,2939439379.0459,2956218207.42636,2959013779.24193
Cephalophus spadix,35862476.5772585,35723870.3430653,35762018.5690333,35544949.1726149,35543625.7596426,35621469.4045335,35338509.917168,35533959.8195162,35239944.4408403,35202152.522611,35119347.2099468,34941835.9854786,34991703.8544107,34959961.011384,34948767.1328992,34693070.6145283,34651890.4601854,34448435.1593173,34426011.1157135,34412465.3827655,34521565.0538566,34383900.485448,34191956.9142794,34323267.4453358,34518588.6022654
Cephalophus weynsi,847419204.664054,851737248.307989,848308660.594607,845735922.050079,842181018.867605,839898243.211379,836959854.574366,831805052.492441,840244491.091406,834096544.153066,834019797.865865,825333710.30501,826732112.351703,826743873.524635,822350292.278683,828799845.383644,824920843.417257,826720828.284033,821296808.460048,824047843.123937,817774806.311051,815579071.078285,818348642.711138,816919059.784202,817403544.517575
Cephalophus zebra,64266929.8651038,63883253.148097,63751984.5545462,63907559.7029686,63496523.6983674,63183514.1578234,63308393.0355636,62887927.1438968,63289702.4447936,62784567.2284565,62778203.9874391,62815325.3992951,62743357.1626154,62240752.422466,62271455.8027845,61765111.4643776,61938731.9662515,61908187.1734385,61621463.2238327,61821908.3890275,61807566.9222808,61648505.0114269,61573125.0478714,61404277.8654086,61546291.6643626
Cervus albirostris,246163434.491765,245517893.804828,244221470.160989,245126333.683064,245406576.750946,245709373.624169,241876449.044261,242738608.924483,242597750.731395,241745895.366875,241114592.264437,240773301.290064,239373722.177217,239999406.569043,239582418.811157,239157717.619183,238012938.497199,236215684.19047,237537836.018422,237960803.208011,235592113.064646,235109135.573704,236153633.253339,235225231.975769,234534566.501259
Cervus canadensis,99592294662.1904,99796983263.7599,99390418874.1526,99365409442.7143,99756079428.4522,98832926922.6469,98649273367.1434,99075562588.6618,98001747709.4164,98878624093.3254,97823821134.931,97132323518.0724,97774980841.683,97729791594.8505,96352224071.0538,96950318790.0696,96565410009.8055,96460241706.1439,97044614580.4494,96087774851.6416,95197345267.6157,96939060544.7225,96138238037.5135,95211513717.1563,96312790789.4978
Cervus elaphus,194115959745.901,193085391771.584,192362218721.893,191642999329.125,191231593473.857,191032486056.161,192354762535.007,190540373256.565,190145003051.294,189658208030.149,190154239959.432,188660864211.591,188579966450.285,188656657790.394,187152120107.331,188769046549.205,188226642819.837,185958141491.397,185298367422.696,185651261774.595,185481928427.408,184313996187.122,185730927006.376,185783996679.582,184160084534.582
Cervus hanglu,209538019.925281,208105695.033203,208514993.000765,208770065.737951,206978950.65254,207193707.424431,206035490.447944,206822111.846401,206851102.916525,204873292.162369,204847646.779779,204977550.121114,203188246.505887,204131466.607741,203962207.765405,202307341.350439,202256617.3776,201113483.040196,200058908.513122,201882681.437814,201028544.522275,201350469.108766,199451541.581706,198917958.444999,199894349.796418
Cervus nippon,8378599427.08654,8363899465.78553,8350287094.58577,8318559887.4479,8314432275.54487,8266119389.82993,8259100470.03271,8241800943.89809,8225414895.21155,8213427816.07306,8216962736.63074,8164242165.62474,8155132169.37521,8142220447.17035,8128122096.15417,8138349759.80957,8095016555.0824,8073498199.77888,8078349114.87778,8069255223.0599,8052503776.8592,8054905503.03099,8030807627.61825,8028180948.04921,8027909954.8968
Connochaetes gnou,610864437.079894,610578642.967072,609722765.772895,604372747.340385,606866496.733826,606956029.12005,606803474.247117,602574931.790688,597816875.310436,594195865.493227,600019862.467911,600962205.11299,593914325.219726,598165056.275761,592481999.02462,592151426.689003,588357617.825455,589413412.534675,588216776.049257,587077952.819675,590573757.207462,586597633.797359,587086296.237895,585989330.626814,587044112.7701
Connochaetes taurinus,98596640001.1949,98628837459.4113,98419500204.0474,98802236527.3023,97907968523.688,97723034047.1018,97327868199.4398,97891715541.2722,97691215313.9883,97409030765.5389,97009544356.4716,96385832865.5875,96604894765.8364,95869814738.6938,95918078324.94,95608071361.5116,95172786954.5855,95683485781.3616,96116439654.8488,94641177180.8086,95217926646.8638,94410377232.5581,94676092276.8561,94426466552.1993,94569190986.0558
Dama dama,32856282087.6422,32955954885.019,32797965333.2818,32740598818.956,32654822750.2189,32560153563.9882,32486129515.686,32471542884.1837,32407592896.8342,32313049636.6886,32305929721.8567,32192140579.9145,32150063100.4641,31986383412.5079,32029075361.0122,31855976578.4781,31884804723.6322,31730754862.6928,31718414391.9881,31674680599.2507,31600893306.8809,31667915356.0523,31585658638.2482,31550918928.1908,31590568364.4996
Dama mesopotamica,112422681.972788,112213038.141506,111603590.861558,111656854.232262,111140325.642027,111408278.88507,110791410.407652,110528759.00418,110540207.458961,109826270.609521,110335549.34886,109735183.492493,109573454.765144,108994487.83133,108854975.869998,108726075.948977,108778050.136165,108336048.161077,108313193.350045,108124002.151634,108185645.27343,107687886.094065,107394606.1067,107458297.593877,107581658.550226
Damaliscus lunatus,13414805907.7222,13277246807.7463,13239350059.8942,13228312258.2133,13224346055.7922,13109460330.8028,13163579065.2002,13054072369.932,13022723115.6686,13079360338.6417,13113155086.0002,13010297716.7706,12999196568.6555,12884462492.4591,12952569530.8028,12951851896.4727,12939048972.5548,12863398222.6507,12883368543.7738,12712699433.349,12791855352.2411,12618520940.5169,12871685491.974,12827337823.2216,12832796792.5336
Damaliscus pygargus,5475084254.43697,5468934948.03943,5460483462.74906,5494679295.12453,5426714970.41058,5436590937.30772,5413762938.08966,5417922724.83697,5405753920.25358,5413680062.9648,5405655800.33369,5338859723.63128,5355452551.46101,5332901832.52012,5346385945.69185,5334478481.832,5281967378.58382,5298331689.59331,5283475740.02319,5286302096.81256,5267227069.78125,5277778749.55373,5250872375.6604,5242918610.12088,5280584528.67212
Dorcatragus megalotis,30130278.9497655,29701743.0138885,29867334.8341677,29747707.9597103,29773337.9289103,29888681.844959,29389927.982696,29538941.5875539,29701264.0022403,29423997.8120904,29195253.6373031,29306690.8380938,29280452.5989914,29198887.3437402,29144914.0322915,29165882.8801615,29137847.0768079,28861509.8244517,28983243.6612602,28904255.7518481,28796177.0640311,28901921.6358319,28819474.7417078,28731447.8370099,28733647.5557662
Elaphodus cephalophus,2544549472.19361,2524455755.14044,2537693023.98944,2541673793.23894,2534410853.57841,2522216769.24279,2513519254.31058,2502877113.99964,2499781947.6601,2495569399.70384,2483106239.93664,2483082351.33932,2476933352.10072,2482280389.37457,2489143822.73824,2468117917.41721,2462575892.76442,2456308300.2167,2459974390.62448,2433608208.46557,2454793200.82384,2447495707.75512,2438456684.10316,2432544502.70707,2436589588.57583
Eudorcas albonotata,2020116422.14554,2010226024.8615,2004438471.99935,2006326331.33358,1995450364.32603,1995093178.74267,2008723870.37031,1979370985.96804,1980682352.14522,1977325157.31575,1977853328.68843,1982076360.00572,1982163061.00603,1966213314.06011,1957418040.03725,1957484419.93644,1941864632.6195,1945094475.2048,1942228300.06142,1937669911.92407,1938169472.95484,1938858904.59764,1936626529.37053,1930620229.69327,1940699334.08578
Eudorcas rufifrons,92606927.6014763,92333817.1522657,92829653.0998612,92174565.9630887,91812216.7552697,90704007.6137308,91621926.7230167,91230281.8104426,90941801.3319774,91578142.9541023,90282552.4051616,90526043.172326,90263222.8077052,89791810.8230702,90320359.0782146,89629051.1535171,89280039.5054615,89847653.8300274,88851977.6588839,89002615.7978407,89244399.2643045,89124003.5261907,88651478.8638201,88780324.1359414,88800411.8718486
Eudorcas thomsonii,3353762155.82909,3352628503.93844,3341476799.72787,3329192361.41817,3309583249.03564,3315669577.22455,3312455521.25054,3313375541.60335,3303854153.93499,3291089345.781,3270267955.08966,3274896733.61066,3264839492.6513,3260016715.10936,3258723996.65187,3243486642.97857,3229019342.23765,3241472182.81331,3207528990.70785,3225244783.10976,3205955816.78048,3219194814.90481,3229368156.72652,3195044774.39825,3219618343.4835
Eudorcas tilonura,19368470.2767544,19259580.7237513,19116014.8945198,19018289.4582639,19086057.0025684,19119913.3037985,19125924.2793399,18996740.4430092,18766101.6201279,18993737.587152,18805092.2357067,18863829.6728706,18841368.5587623,18817515.1301777,18842528.5449549,18694504.036689,18592285.9991657,18531766.0762912,18684087.6857265,18537798.9745369,18707441.4125059,18598940.7399891,18508284.0604855,18398410.5189337,18514445.7889692
Gazella arabica,59307125.7894629,59424889.8248788,59061834.9278821,58762835.9476605,59171802.9065837,58807380.9195996,58862062.3580926,58622185.5076853,58468796.2997488,58272195.2817438,58259051.6925175,57745617.6732175,58160697.0760773,58033935.1227324,57825223.6460458,57819490.1350644,57596979.922414,57470941.8811346,57345069.6143083,57625469.7583026,57154501.4152354,57027696.0224217,57249547.0249681,56891960.1579093,56653014.5702495
Gazella bennettii,462765603.344975,463621460.390729,458608381.252217,458523877.632387,461039297.530179,458419777.691537,457224947.225248,454645435.442837,453545557.777032,455301601.991417,451920886.167338,456356328.833645,450509706.873435,453179639.822827,449401348.175452,449346753.531664,446555449.718063,447846196.395365,443988681.208798,441050177.501388,446563278.977356,444399328.97773,441063346.240206,445279713.196978,445596242.579703
Gazella cuvieri,237671347.344828,236672852.941807,236208776.062545,236203342.316323,236201410.128053,235067072.445401,234777188.96811,234279156.257161,233131192.950643,233598162.386961,232606192.603536,231903656.446904,231493592.070283,230683804.780138,231154990.680217,230515535.512322,229932137.97125,229322716.542091,229197509.945216,228246599.603655,228415770.71936,227857528.92354,227895835.524966,228203837.05437,227345793.063614
Gazella dorcas,2127352836.34078,2114853451.15858,2115016552.10057,2105306211.29262,2100486879.67691,2091162203.78743,2091366420.18039,2094348261.94119,2078561609.22201,2072460869.31038,2079162595.54721,2074330100.53537,2060537536.00629,2061033561.84901,2055608997.1773,2052805442.26062,2056175517.78997,2041256553.73364,2037219454.17311,2038090200.99219,2033458677.26452,2038883918.37986,2039030435.38847,2036557912.78112,2030167149.25992
Gazella gazella,17254918.8787678,17253893.4226157,17309406.0554775,17220322.9673132,17139017.0623311,17112116.8531101,17241365.8536948,17003098.7321762,17013268.4027628,16903602.8035045,16945803.2434188,16887667.7272991,16849408.7005281,16889319.5869934,16934530.4697572,16756477.6222264,16527795.4398379,16749474.1252578,16728810.6805272,16661841.6579011,16603527.8880466,16564460.2686571,16635476.1815102,16587756.7596772,16672829.6798078
Gazella leptoceros,4289304.31452978,4256537.21761736,4230751.55843265,4265325.50575494,4234103.7620729,4214967.39452827,4238460.78444151,4237384.76168381,4220802.36864262,4183568.6771643,4178404.03660244,4176065.57126966,4137260.13526827,4128870.58295637,4154526.39133161,4142973.06937884,4138172.6284657,4138283.07148199,4080777.64207511,4092714.61306615,4125282.67399904,4127453.71795029,4122747.89430577,4091245.73724182,4104629.51063795
Gazella marica,21598366.446895,21588994.5494704,21698642.1271427,21450108.5346186,21481144.2978553,21431775.9927842,21332903.5911137,21327593.1004216,21192222.0299224,21301282.801077,21182089.9877989,21103361.0709692,21091270.0383378,21170469.2687762,21032667.1627378,20919399.7360967,20971415.6123473,20942314.0779743,20783964.598952,20732055.184298,20761561.1490355,20779404.1989751,20754944.7118086,20703640.6175432,20715123.4633813
Gazella spekei,64638499.5649231,64568418.9416459,64519313.4454748,64039053.4638397,63958039.3943809,63936254.5906915,63676840.8952501,63510090.1495963,63725837.9769259,63466528.3957285,63151791.1881982,63110983.3850427,62963058.0508191,62946411.5237103,62800567.4847692,62548654.046862,62480223.1336316,62413021.7457163,62283886.513471,62014562.356011,62078230.0600284,62086520.1159527,61883500.0570625,61859971.5701076,61876740.0393809
Gazella subgutturosa,502994849.52645,496185283.659467,498050274.413978,498713635.8077,497087903.302906,497324854.802252,494902758.878601,491479100.896986,489735648.525961,492378532.956098,489518384.209923,494411957.427824,488545283.975832,489241999.049051,486229924.287412,486712932.68468,484317006.500528,486009039.42715,481654494.83423,482218060.898928,481707759.866468,482280051.15895,479124630.162602,483951599.482561,480384302.938772
Giraffa camelopardalis,33984081520.6773,33898354916.0052,33777386677.2698,33799640831.6738,33565517521.545,33519132539.5894,33727268073.5229,33294590728.3086,33302539737.4526,33256191357.7347,33494662362.1983,33153249891.3425,33178418032.0827,33194592994.9953,32851320410.4259,32894045640.0061,32885009666.2776,32788454176.9162,32720281130.4896,32696055208.2324,32732656668.8284,32420631854.2641,32635186820.9572,32442677329.0533,32353627921.1214
Hemitragus jemlahicus,3513839715.06791,3506499484.44516,3495716356.46714,3481387989.90047,3467542194.02573,3470895336.20657,3460409202.48786,3458027030.42619,3453295327.04836,3429724854.12657,3439868260.21278,3430891032.03561,3414537991.40932,3415202432.66936,3405331391.14656,3399761249.63357,3391425417.71604,3383984187.50273,3375966871.24856,3378667151.90472,3383151920.01737,3365346165.45413,3364885057.82211,3358058744.50219,3362478228.4821
Hippocamelus antisensis,372514542.220501,372219430.394104,374183789.367552,370020581.479588,370467003.6685,368328426.319851,368827687.042965,368337140.1443,368538527.496416,365604764.48169,367357114.517848,363173401.520159,365233831.296856,364432643.592398,364603095.565497,359464538.970725,363127483.261259,360131961.761652,359797131.481958,357224984.557141,362440969.394398,358575345.014069,360277234.656966,359257483.776568,357849682.974527
Hippocamelus bisulcus,37924959.8832143,37801095.3923123,37582726.3883756,37650037.775512,37543172.6628054,37603165.4356795,37506738.8300152,37283208.2384765,37239274.3229951,37122060.2641922,37033619.8833002,37031128.1623668,36922782.7522808,37009948.9536747,36821477.123646,36484022.6616583,36608507.0414257,36532114.3967727,36636953.2566546,36207211.3905103,36268748.4890447,36437473.8097858,36183707.5410537,36312161.6523007,36247593.2540535
Hippotragus equinus,6753791270.11674,6754216306.26471,6739680247.25384,6703861702.56809,6691355514.74419,6712022410.71925,6673865741.48378,6664168874.99233,6682220857.25839,6605765950.75517,6624357810.8583,6626736433.39955,6596122280.91632,6582223775.29632,6539307224.38175,6558058802.59199,6529620992.18874,6532730469.03092,6493276480.25328,6487666997.05883,6512726014.39682,6470647690.49197,6511471271.07651,6452191831.6359,6471568419.2233
Hippotragus niger,5600789168.33895,5618048184.50298,5581769849.90813,5583384706.47813,5569999570.23475,5553063197.72868,5535375389.95973,5515574819.36864,5514028057.27849,5510087926.48259,5502577355.70887,5474002559.57384,5471966540.62036,5437557089.95657,5438638042.33608,5410546125.54526,5445073550.69053,5399534610.15714,5379788385.22508,5416181602.19051,5413714898.07235,5380356093.945,5369378901.13167,5390763061.52326,5373981488.66207
Hyemoschus aquaticus,768601791.696616,761219940.853411,765738333.116868,756538203.305721,762764099.256168,759679454.011121,759794307.984353,753669690.557298,757209260.341709,752649012.249406,752863400.783993,751201850.925936,746564751.51069,748881065.505306,742579621.691262,741593621.999534,742015498.626436,739420887.913151,738301626.52783,738726906.095729,736585836.607748,735570828.100304,734345007.32175,736907593.787428,732086421.12908
Kobus ellipsiprymnus,13304408267.289,13313393654.5695,13243485821.4901,13194424149.4552,13175253464.6515,13146744161.2187,13122886945.5686,13130245432.6813,12976604352.5182,12995470786.6969,12906750187.5233,12914782867.6009,12999087992.3058,12909908370.6124,12966785601.119,12867167104.7417,12810095919.7178,12762562734.4497,12721097111.1702,12827749843.4791,12656304198.0793,12670932749.0151,12749658067.2046,12705269269.7004,12686048890.2406
Kobus leche,4043114646.95394,4059800932.79836,4013305088.59681,4043546557.21694,4006449363.6389,4011013666.5172,3986199435.1405,3988596144.63933,3990031794.37293,3968325970.23741,3996399795.29739,3973665896.74051,3976474134.40806,3956577077.49931,3938690541.07419,3944447166.77517,3932455878.15733,3909294315.66739,3914609010.75005,3916988078.55349,3932891998.44062,3896430496.6053,3905496330.88586,3904836396.76598,3895605792.62098
Kobus megaceros,471205222.535933,470945004.572595,470563600.69793,468457088.002027,468569051.543249,466805005.727539,469130249.250223,466199709.220233,464209477.06957,462328179.105759,461661509.04868,461717694.514382,461682758.346601,458902155.507251,458211107.392674,458321542.83284,456953432.88823,455438761.258047,454758465.41073,453383576.76146,454282662.920464,453508549.172804,451675407.313169,453433332.082943,452680354.576033
Lama guanicoe,70422842761.848,69988273120.2015,69645894771.918,69840423044.0789,69386440697.0066,69375207490.19,69773128842.9743,69245058315.7989,69013149470.1813,68986298553.7796,68486298372.0413,69179564103.0925,68515261960.991,68402438430.8502,68188318368.8677,67901196392.6332,68438529199.6578,68081437499.6916,67474401019.3401,67662523641.8604,67290423188.1315,67294143129.9741,67119066801.5988,67442938703.9956,67741467687.9849
Litocranius walleri,1016997724.62111,1014467580.3386,1011734011.59676,1010017641.01341,1010175717.14066,1010093978.05936,1001481063.00224,1007890969.57054,998754607.477467,997717691.954275,995686877.633333,995679812.121455,992885126.019357,986379154.807656,986232956.216831,994352003.061634,980500703.236266,982405080.66476,985830403.388018,980307301.779327,976965662.258786,975411645.001437,977873653.258316,970830051.260243,976331327.673965
Madoqua guentheri,529305422.514475,527988619.823652,525091098.204175,526455704.957452,522587564.68744,524522365.378746,520077610.971784,520817463.234977,521406009.033895,517347912.280736,514639098.85455,515730140.436852,514449393.934178,512243440.480059,513423628.503722,512226986.670845,509857203.838043,505118843.106822,509466328.633343,506526528.056254,506827475.91519,505278147.75987,505428730.14937,504075627.399395,507862886.028413
Madoqua kirkii,1144433464.49984,1144681439.68083,1148757650.22758,1136261603.61651,1140237050.19196,1138309751.73898,1128541942.86553,1133830357.96446,1123635162.36406,1125024274.5404,1126060498.7448,1115305378.75718,1121165214.77695,1114964618.39351,1112976701.33778,1119354606.94013,1103173571.54375,1108256600.76142,1102680186.57709,1102513680.57725,1098355602.7941,1102553327.71803,1098730389.64884,1098271495.07491,1095043580.39786
Madoqua piacentinii,17666200.6610275,17716941.7989187,17557421.8709371,17641571.7580692,17484971.0223676,17571623.2956984,17518509.326107,17392714.9067376,17386829.9865671,17427797.6628753,17394323.0191874,17408968.4281634,17333008.9221059,17275989.6553714,17156766.6200492,17106573.9267972,17193217.2105343,17056584.6979813,17250226.4816379,16969946.7588289,16949349.5427682,17097872.4993657,16912557.8071509,16980798.3195487,16969403.0326055
Madoqua saltiana,375189554.177596,374031329.582655,372343376.7781,373837756.649248,371917555.856361,372834278.408349,368799900.736608,368645132.992063,369099267.191258,368754528.987852,367146137.612491,364546337.416645,364000675.738945,364671252.429914,364051249.902337,361819966.835395,362346771.891743,361435750.562943,359838993.327852,359307032.149005,358168770.093628,358407119.751396,359283421.82178,358163721.014874,359099858.583884
Mazama americana,29021715736.3975,29017550002.8848,28870744725.9154,28836575168.134,28786044112.9829,28688555682.1352,28701781131.4749,28611109820.7741,28603989256.1678,28433576026.0398,28379536364.5865,28420743957.5956,28274992514.2136,28186493987.0963,28235614674.6872,28095258189.7797,28162253210.6307,28005731213.6629,27980130609.9046,27956491244.3927,27892846565.5649,27893642230.1426,27819615823.8974,27857409081.3577,27807393495.9763
Mazama bororo,59437419.062337,59065980.9699358,59215597.6603291,58752547.8036241,58841684.2922137,58642563.4129002,58744370.8854782,58677950.6425842,58420257.2347916,58255117.9630122,58232329.168937,58270860.8100905,57839340.3630854,58016518.2606032,57401405.9173001,57682179.6939527,57301509.5731378,57238282.6715289,57176488.92543,57102399.7311843,57324794.2852015,56898132.8259222,57009302.176921,56796905.0942728,57031764.2382181
Mazama bricenii,163169761.871824,163121582.335154,162681187.896612,162450430.571171,162263369.086216,161700165.020245,161571567.550355,161182307.223666,160532328.055342,160561191.127933,159711151.861254,159851908.938759,159457733.342253,159338714.876587,158625693.019247,158527047.051037,158154143.739545,157676581.13426,157573036.415069,157127872.330024,156787436.111603,156828785.962579,156651844.78108,156578627.054501,156602178.190518
Mazama chunyi,174206450.446669,173495720.904048,173067993.670162,172736029.649908,172539505.216841,172293212.159702,172002553.915724,171739394.060113,171579798.482825,171129469.983108,170587370.078484,170224497.841092,169703376.523271,169690587.217947,168931423.014373,168678562.599735,168332031.606357,167969286.758341,167639692.759646,167697546.258287,167079262.291539,167189822.944754,167003763.011925,166971099.502822,166777491.897367
Mazama gouazoubira,17806497822.6054,17780872061.7008,17700597276.811,17668633619.2529,17639904251.8146,17627199587.1085,17613438503.2485,17510747217.9532,17521351251.0476,17516114258.8382,17406600492.1054,17432163411.6393,17404904704.0305,17349440598.7957,17331638542.1109,17266524783.1242,17219591306.2586,17195078916.9945,17129689485.4148,17126654410.6368,17153072808.3892,17090468344.5465,17094388697.2139,17063454077.1909,17046897511.9901
Mazama nana,166762396.679974,165662070.238196,165398148.723492,165189996.957499,165084124.401532,164678853.889296,164775026.532853,163961115.307914,163268782.366294,163507621.211865,162736917.560781,162864339.426879,162234562.488169,161822676.621234,161933103.57204,161160829.767677,160908716.190602,160393955.458335,160603535.633808,160093521.857348,160029168.373278,159682121.296449,159849863.253836,159559776.056561,159640735.968532
Mazama nemorivaga,20480249300.2317,20418229506.7451,20360230121.9673,20353977758.7956,20249599235.8921,20165380443.3881,20215107535.6263,20126238397.427,20117885845.8156,20082343188.5996,20072062639.1742,20012985088.6292,19942427113.839,19890855124.44,19882499039.0344,19845124824.3732,19777874002.781,19783924431.1806,19766773371.9631,19745041015.2542,19683745064.576,19664204802.7351,19652973560.8369,19591290841.669,19632662943.1339
Mazama pandora,226723543.182261,226143271.819697,225478986.173724,224630693.26369,223669498.6316,223874837.749284,223429345.504206,223532203.778204,222100288.806359,221979936.306735,221828014.078475,221232952.538844,220862341.109774,220591952.091426,219639049.856347,219663584.295891,218881404.811037,218503314.044742,218857665.99943,217964748.976848,217722779.513056,217327328.007646,217614931.315249,216738131.334365,217277332.242691
Mazama rufina,204585471.042427,204102915.72832,203784432.966979,204102229.669958,203316789.517866,202339841.06808,201960846.603907,201305066.787558,201619585.827342,201194180.592597,200106766.19557,199860427.585537,199992032.292744,199183266.018805,199122220.327784,198605809.986086,197792070.223105,197766543.341433,196848201.108532,197155286.806285,196694813.143228,196608613.89008,196605666.071161,196070143.75589,196575054.163732
Mazama temama,4352305426.55595,4355282723.30207,4330264969.9319,4326362276.87554,4316002791.7712,4296274938.29753,4296881558.09106,4294827313.51556,4285217421.50555,4269566855.9284,4266368537.16909,4257006874.2604,4243768045.42862,4235107728.95305,4230479812.49401,4216360520.87308,4207038683.0748,4212873101.5352,4195698990.4303,4185183391.68422,4181319594.41903,4179132691.77971,4175969976.7012,4176873309.95706,4170106498.98285
Moschus anhuiensis,26958534.8751242,26854750.9161323,26785912.2401996,26730103.8521714,26700010.1759006,26647247.9830251,26554082.2315035,26533637.5013405,26422839.0059788,26473891.8462226,26357056.6505547,26268761.4322227,26220505.2735544,26238160.4587184,26205702.9427612,26065931.6002557,26003571.1465809,25989543.6074528,25950711.9058376,25879814.9397904,25906391.5044985,25795220.3312366,25781871.0725383,25872668.918526,25834673.1332119
Moschus berezovskii,114753926.555753,114436071.998924,114222114.443207,113746661.536513,113730651.437973,113320019.93577,113512814.149374,113005405.718655,112924108.16677,112775897.188271,112178829.034985,112390875.522121,111915248.808398,111835786.495172,111187050.412358,111339456.12341,111183020.020341,110801066.710701,110373891.329448,110763663.916093,110380684.311462,110052809.868206,110065751.197773,110334495.841657,110115414.996968
Moschus chrysogaster,236634773.349806,235625817.11354,234946986.214302,234569210.349061,233896914.32067,234085940.001634,232434138.041975,232591167.648618,232342845.616176,231402405.842813,232117054.250646,229677165.011118,230545846.546236,229452112.143473,229363081.812105,228596610.514195,228196725.707149,227567522.348776,227351867.444002,227102064.624116,227057390.533435,226836961.111461,226514653.160314,226087410.6416,226474009.363672
Moschus cupreus,46359008.4869763,46217260.3875296,46075614.2994665,46030185.3222994,45823427.9051944,45805837.7700692,45682823.5161223,45610959.3216447,45442008.8696155,45361610.6337435,45204279.4418296,45246085.802113,45131362.6431608,44963092.4572508,44918538.2661455,44831462.4178365,44782219.3034051,44709389.5567776,44679878.8384346,44547413.3661206,44336447.977634,44408797.6321272,44446664.8948173,44283505.0967634,44319780.9633832
Moschus fuscus,69162954.8073339,69328436.7652209,69087500.0620749,68784999.7048769,68876894.3083605,68483150.9164647,68195882.2923226,68233217.2073745,67986822.821679,67881722.9016398,67740070.6967193,67854599.2529522,67374040.105661,67309675.1666492,67280159.6050539,67102574.0393974,67005427.3553315,66991299.1063791,66849069.9444113,66564737.370079,66532239.9980665,66486990.5498577,66624298.2137641,66460769.5432245,66413538.3919763
Moschus leucogaster,70398807.2665172,70299434.5675386,69996099.5586033,69927891.8718505,69714647.3110169,69606796.4200637,69504793.6304678,69085873.4121908,69297014.8819176,68919667.7166862,68718037.1197469,68686198.6922002,68646788.6528952,68529239.5408837,68112661.709664,68252231.1140714,67824614.3113328,67843964.1094889,67812840.1317389,67769129.4403577,67600978.0076865,67633903.1840453,67464517.2401739,67437817.2480571,67486702.0058248
Moschus moschiferus,554685016.797292,554508179.39653,551107463.18618,550197782.388834,547669531.876831,549439351.512253,547868138.307763,546012479.358626,543075265.223765,543745273.016478,540381123.186781,541758980.382966,537844752.264155,539275845.370997,538332039.655532,535316325.176336,535225210.099131,535482070.100089,534447293.159459,533119237.373745,532826014.419997,533277699.296571,529595077.473149,530983580.156768,530680605.958816
Muntiacus atherodes,2075410078.45595,2069100128.99079,2067735852.23675,2061325866.75845,2059459823.71277,2053347138.48481,2049395476.68857,2041011746.51058,2038645196.0948,2036263575.11935,2030063379.97868,2025348291.24801,2029002962.64637,2017617586.0411,2013441590.68842,2011826489.10443,2003643387.67495,1999608639.42007,1993849458.14344,1992226292.40989,1996690417.99602,1989580693.4515,1991628511.71756,1988221629.19926,1984603579.2663
Muntiacus crinifrons,38411833.1550046,38322186.8222871,37900630.9454886,38096958.5007829,37827451.3756222,37750753.4480053,37564949.3801684,37549805.6605959,37509317.4333232,37661623.1335623,37617502.1973293,37190230.9242723,37419180.2655599,37218679.2304134,37142675.7009026,36990255.9871263,36711905.330653,36959259.3327154,36674347.3991737,36912082.1971801,37017187.1759819,36567010.0446131,36556949.4441082,36625310.3627571,36917754.9050222
Muntiacus feae,2897790335.16645,2894040325.34604,2883163752.08702,2873233496.27822,2871123353.52795,2862101887.42897,2861712216.2247,2852414166.25007,2846895542.36648,2843579424.51397,2840380502.07158,2827761956.34727,2828641613.31454,2827069641.55626,2811154177.47274,2803943142.1283,2797276812.15109,2799223888.29173,2792625210.53098,2787403520.83617,2781791979.74986,2781744060.40128,2781233883.1137,2780289214.83102,2777720249.85412
Muntiacus gongshanensis,2052383929.0944,2048715399.49852,2044484700.15965,2037594401.09054,2031597452.35045,2025520557.73227,2024813432.21869,2020352563.70223,2020424882.13367,2014708180.2138,2006250693.51393,2004167943.98447,1999393568.92579,1993722908.95081,1986558695.15651,1994809060.7344,1981984874.61589,1981310010.60016,1973605318.12693,1972567591.76248,1969883780.37192,1969286196.00168,1963433461.94831,1961912711.10225,1964742703.39459
Muntiacus montanus,1671841870.49037,1665741537.98822,1662837598.09524,1658893370.96781,1650271432.99151,1652754787.10395,1650024406.90195,1645803377.62386,1641512988.97944,1637120201.98598,1638778494.87142,1631907627.33133,1631491046.16627,1623411442.51983,1622691159.8885,1619534796.72019,1617358844.33253,1612200117.01399,1607244080.22428,1603065985.05322,1603992980.66463,1600055693.68667,1598476187.8005,1596370272.37207,1597106651.43761
Muntiacus muntjak,8283347515.62753,8267835383.04002,8250016815.06004,8218365846.07782,8192876064.86543,8181474942.97824,8156876552.0563,8137745709.85978,8124333535.44645,8112855166.30744,8095270093.2701,8063378303.10761,8059234385.17113,8045852566.31461,8037465465.81295,8005893207.92282,8012191857.14851,7970390776.67725,7967811266.97789,7959588018.66207,7923072428.56249,7900205356.72319,7931332959.32878,7915143596.57803,7917405618.93005
Muntiacus puhoatensis,590444109.264722,591528203.716803,590154128.691907,588350592.555364,583766263.447379,585579671.355911,583669530.237344,583086618.108349,580871121.533532,579722724.779513,577733264.694031,577131510.210493,577104309.50878,574619964.66967,572335981.788751,573933343.0461,571736581.883142,572024053.496586,569080696.263319,569275910.685635,568907006.55628,568492936.244009,567399440.752211,567875236.031434,564414974.506939
Muntiacus putaoensis,1631959469.83143,1629016671.21515,1624067734.05169,1620493712.37546,1622864705.82425,1615663418.81638,1611509745.49996,1605716100.96558,1605666227.35697,1595807207.9928,1593823334.30075,1593154721.8345,1590516700.76054,1586542386.29111,1582930884.3172,1579880108.23554,1573367896.28116,1573877882.40602,1573176277.44724,1572602199.05213,1567722505.17056,1565763155.50668,1560691846.90167,1563484086.52408,1563413025.79254
Muntiacus reevesi,4398791901.165,4383407615.12496,4375168080.18147,4370482450.47084,4354160128.56343,4360328310.31511,4329366837.16542,4335831555.85755,4324583164.36492,4307920020.15253,4297001320.03304,4290119447.79033,4286520056.62219,4269224461.76412,4264432505.1366,4259117771.84953,4249581024.76342,4241782871.56678,4228070091.89038,4238536289.38379,4223821096.96509,4217461140.07935,4214482460.60305,4216024854.6935,4211488152.19776
Muntiacus rooseveltorum,1237986271.13622,1233443312.53753,1229954098.26006,1226976658.76365,1223053397.75091,1221065472.25074,1220155840.4079,1218593928.28743,1211479766.01964,1210239777.16161,1209942428.15168,1205236845.0309,1205461410.0896,1201006902.51431,1200356405.75335,1197491634.78349,1197032065.52449,1189536933.65814,1190077262.10294,1189302909.54082,1184703834.78403,1187622209.94841,1184984192.48726,1183183525.52531,1183590707.67133
Muntiacus truongsonensis,1086686694.28783,1085670182.09089,1084654694.75843,1082859499.03963,1076603180.38668,1074300870.58501,1075435821.44483,1071173173.30453,1068242477.44815,1068406542.38997,1063516088.70037,1063228354.48508,1057731139.03421,1057233412.42772,1056290863.26355,1054897393.67171,1051842091.36577,1048874628.52781,1051452591.80521,1043192742.30361,1044943387.86765,1046683162.15514,1043875379.92154,1042474941.88638,1043913089.72512
Muntiacus vaginalis,23282136728.6027,23233339829.3772,23206826668.9646,23187437515.8682,23083988347.7085,23056146522.5148,23006280691.829,22975546320.6779,22918716670.8462,22854471079.7494,22803885716.8269,22793537206.0285,22706542148.0465,22721041074.7617,22621262130.7512,22626018234.1299,22597771145.3161,22486935166.3606,22453912251.0356,22407678431.4025,22292783716.1844,22378927994.4082,22329971938.5607,22333300813.406,22316286949.6314
Muntiacus vuquangensis,38032631.5117183,37998614.7986723,37968468.1902338,37887581.7562568,37733888.2515884,37651285.8284492,37577533.6313916,37514817.2488892,37480844.7423609,37337995.8610678,37299895.6757842,37294843.7473111,37079991.1013703,37006682.5258622,36844633.0801392,36833397.3338492,36712933.3524916,36732137.5806427,36782206.6162332,36559216.6358161,36635065.3434869,36477829.0369632,36592417.5914604,36479866.8708242,36504624.4816256
Naemorhedus baileyi,277474761.026974,276844560.927205,276471121.950521,275393034.628268,274018553.39709,274414532.372875,274068594.942292,273418651.905305,272930893.060989,271836693.531525,271315586.723229,270373164.534858,270238309.838259,269385278.047053,269253741.396555,269275519.715233,268899751.451366,267057569.225689,267376264.632186,267154859.99979,266623590.946166,265929321.172323,265554196.266396,265685541.272198,265023609.012941
Naemorhedus caudatus,298693382.869149,297565904.236835,297556610.368783,296813599.569626,296140543.109331,294653312.911304,294848100.479148,294204608.920187,293952012.900838,292765662.691608,291865249.527811,292111494.203434,290688515.636952,290675831.919179,289910401.175138,288933262.096868,288196608.139447,288587338.361981,286689846.426413,287430662.67843,286888778.43348,286215027.480888,286606752.462661,285410236.424173,286927137.431726
Naemorhedus goral,2131719724.53788,2126223033.70784,2125844033.701,2116827488.78722,2116042639.97157,2111412383.73966,2103509830.40222,2103551843.02728,2100267107.09963,2091902076.97452,2093024619.60867,2088438981.6035,2082651857.04218,2071731758.91073,2074365475.22155,2061132578.97404,2064015813.47856,2055369527.62981,2045824851.91356,2051866042.2473,2052840723.05461,2048667503.95593,2043320816.36918,2042362464.73841,2048198379.55245
Nanger dama,4083711.87810626,4046539.89054051,4036595.96948162,4019290.51726407,4035713.1687333,4006715.49345493,3997769.91447206,3987248.00607434,3975828.6372061,3992095.45608252,3981089.949531,3975547.59467117,4003233.41287622,3950239.82542367,3928540.93582709,3936362.40104709,3922603.4930059,3929414.36608829,3911128.05152026,3906902.65560089,3922037.62887416,3909686.49498563,3934728.09966037,3884657.20381159,3892194.51280784
Nanger granti,15465406380.4918,15448696505.494,15399068065.7147,15372098168.2255,15324495086.1341,15282389321.3659,15242800616.2769,15220219629.4387,15225792805.2552,15176613078.2517,15164441833.4013,15083332410.3323,15058605470.4965,15029664916.6678,15034396993.8609,14944971782.4762,14966538907.9098,14931117858.705,14893677997.0535,14903751069.0803,14826251370.8153,14861247018.995,14815141476.38,14780095764.471,14807806887.8491
Nanger soemmerringii,76775297.6301162,76231989.8159703,75675013.8761699,75952334.5824862,76020630.044567,75966941.9406044,75693086.0662064,75282680.6062342,75252251.6661719,75084486.6497466,74565644.6197371,74911606.6843934,74572283.4405844,74425366.8054066,73917567.4536838,74580391.5470293,73711134.4206066,73379314.1897015,73436245.5641558,73371621.2675269,72991473.9400165,73266802.433854,72871434.1259845,72991356.0207999,73064268.3916478
Neotragus batesi,153558197.165811,152652861.216794,151958667.719937,151601002.897364,150522178.916543,151099789.7038,150834555.901714,150827211.032788,150506837.451101,150413816.544351,150514566.78426,149351482.415596,148763707.249049,147980892.078818,147116733.208071,148217751.510411,148508882.217372,147019254.990478,146927884.832627,147860637.023179,146617220.381318,146178226.558983,146554174.386371,146755401.742477,147230333.088093
Neotragus pygmaeus,59215224.1885637,59034726.8133765,58910363.458684,58333004.551267,58337877.2255281,58371232.20879,57772702.6821577,58065086.5630517,58067554.8827508,57996512.2526405,57569656.4445436,57677603.0930898,57537404.4594691,57299812.1994487,57077812.3561452,57158802.0828499,57245191.7788335,57068736.1958126,56603211.5424606,56432780.6376333,57012940.3876944,57255751.2780367,56435369.8043348,56364593.3593345,56476180.7176168
Nesotragus moschatus,596911347.40162,600062058.129308,599623265.718167,601335528.253775,597055836.75416,596883629.637265,594449308.206823,593155225.496145,590893213.840622,588907104.16438,591206679.256117,589261721.358674,585265786.495921,584401056.490767,583608584.832871,583720276.739995,581579897.327462,582778169.08326,575706345.598305,578684108.584473,578601985.401939,579019965.785423,577519727.531826,576306187.725973,570802542.423743
Nilgiritragus hylocrius,42742524.9831289,42650075.9004647,42359626.2256743,42648342.3504982,41946285.1648452,41895359.0712276,41911277.9022827,41768048.9208618,41930876.2166768,41365083.391348,41814298.9715475,41876860.5037988,41376897.8402304,41661064.2727153,41411604.1159169,41401573.1213086,40867086.9383624,41070804.4334413,40904902.768914,41049662.9352456,40981155.7490343,40753807.6073214,40884624.0639187,40775871.5521292,40801352.2639117
Odocoileus hemionus,198161543443.699,195650857990.149,196868034802.101,196526235093.723,195779241774.115,194615959922.512,195101821882.791,193115965602.113,194620221854.227,191871873104.388,192332565053.805,191315230958.375,191953214676.004,191217173832.872,191504559546.678,190477774951.651,190381353566.477,190013723660.659,190559302938.566,188807071919.535,190774274695.022,188683911864.074,188814213596.812,188528512938.731,189628392499.127
Odocoileus virginianus,980522024552.448,976997923420.614,977503187402.934,973152063799.021,976452870820.49,973459722759.82,965104795629.419,967427116280.85,967006388235.803,961779168551.964,960178653036.776,960107585674.748,955126090729.686,959287511559.99,951854373921.78,949095315770.545,950083266239.947,951288722109.872,953273849778.568,947814600772.678,939143266763.426,942616351483.934,938420766715.339,938550292444.865,941488934983.533
Okapia johnstoni,3113375677.01433,3141043720.57624,3115164697.77534,3092336078.79964,3094192508.55712,3099923579.4861,3083106199.30665,3089965223.61992,3077729473.76703,3089851015.50823,3057158667.34631,3057838071.02777,3068218769.54646,3056605479.64884,3047226450.18819,3034157023.6931,3028096845.78868,3042311154.15027,3017071591.64806,2986979474.02613,2998511261.57211,3002911378.84795,3003103959.33409,2986463951.85483,2974224007.24493
Oreamnos americanus,2012663845.04056,2020324388.7866,1999220748.61909,2004142227.06786,1997461579.05313,2000489240.51315,1987347159.4855,1991082126.90944,1964266209.75021,1983325016.26425,1974110870.59355,1979951932.77277,1966683839.1495,1955451155.50285,1960084717.00143,1943572187.11266,1944180696.49441,1942477564.238,1947634826.11446,1936369791.57164,1940956965.8543,1933118141.54139,1923578175.00461,1925303215.08488,1934854932.30554
Oreotragus oreotragus,142540678.772006,142240263.325979,142795454.539654,141654935.041052,141395009.760325,140497366.38118,141386245.936044,139645763.991261,140092735.580194,139921497.988142,139651773.415196,139333689.363307,139581931.128966,138413701.479983,138676712.277158,137819342.974778,138380764.449246,138009035.816173,138470949.968557,137682492.980832,137837416.722682,136476226.557776,137094929.798533,136401066.786243,136732376.811336
Oryx beisa,2963789002.46482,2982064459.94813,2931045077.01627,2930003116.79849,2919896601.35581,2917422198.83964,2935738515.67562,2916480438.26405,2886485910.67944,2902961469.96177,2904386486.69479,2890637682.27862,2868647286.26348,2878409341.04457,2854476401.89793,2860423221.10185,2880593876.5999,2845127103.13545,2837026445.63623,2853389970.48611,2859385606.7558,2833290214.67385,2856438485.8256,2839105619.38902,2843071701.6813
Oryx gazella,21773420333.4063,21730099164.9157,21851687480.22,21681976815.5889,21522534135.0933,21505890180.0177,21546310506.2601,21493241031.4125,21565128095.5515,21388794539.5495,21314868098.6307,21273651480.6737,21380202519.0826,21260480630.8315,21166803544.715,21237002454.0051,21249016447.3062,21077957458.9902,21118542627.6725,21078040411.7292,20996593196.0341,21016530998.1056,20950892159.9003,20884507840.9909,20882549831.2003
Oryx leucoryx,27946358.1437329,27813364.1891178,27898007.9772224,27777388.2569748,27592211.0367121,27682241.8247463,27514816.2108487,27607442.365021,27545648.8322263,27307411.7746011,27399388.0495158,27274496.6887342,27322509.2529093,27232478.4985011,27023964.2115391,27100226.3194626,26974128.9373693,26997034.6702599,27049188.9773602,26937646.5831318,26878306.7768765,26845910.4674519,26663427.9065751,26876955.2285497,26631681.4286078
Ourebia ourebi,3525842415.61838,3497293900.79925,3479781966.89692,3493656561.79579,3477638835.70778,3450880557.02933,3445993764.8308,3452954757.16704,3441790779.25517,3437031395.85607,3418021051.98794,3428375341.38497,3419540635.70329,3391624111.16605,3399533888.90419,3397269224.9905,3410623781.08716,3391835284.35181,3366866445.10483,3349603058.20144,3367784086.54288,3349221392.84479,3362590456.52446,3369832577.48996,3342263679.28144
Ovibos moschatus,20798033045.197,20714959860.7014,20638119827.6538,20522792126.2791,20629956531.5703,20553662123.3986,20548151267.7326,20523234867.0914,20340438666.297,20390142463.4547,20243577937.2334,20278082715.2263,20251740339.9394,20194971012.4062,20102900452.8753,20086542433.4444,19941490704.099,19908102170.4018,19998074061.4786,20102407653.157,19940488168.7365,19905777088.2503,19783025582.6488,19813077289.6708,19776692400.9063
Ovis ammon,3081271810.74636,3037049046.0296,3037014192.82855,3054404865.73733,3042797001.97489,3023740633.50315,2989414269.87293,3016964589.84306,3007413432.6608,2992256536.24252,3009493150.53198,2993824054.71457,2957915487.15013,2975214760.99585,2966200183.26258,2958571669.36682,2961288746.69041,2934730369.64963,2937860850.23757,2945586150.64445,2934680335.00301,2916240065.93068,2933245087.95695,2933727244.05257,2936539158.73365
Ovis canadensis,1356350421.16925,1347764256.96146,1350454451.84568,1334473304.2166,1342253688.75675,1335616045.4453,1339956265.9472,1332354397.95208,1330125615.41523,1323025589.98954,1319231492.0829,1322666454.00055,1318579666.81612,1315507230.00393,1311775385.06284,1314095444.43502,1300636456.18424,1307234600.68485,1304742844.55617,1305257623.86252,1308133484.27543,1300790226.56759,1299473701.69724,1287488514.76114,1294540487.79777
Ovis dalli,2333710889.52697,2315040823.29406,2318930268.89317,2303609069.27699,2306936650.9489,2305054720.48287,2282368278.0173,2287744342.98483,2279521234.77271,2282686671.95997,2278633226.61887,2277773952.63483,2278709073.30721,2265839461.29499,2265183208.75986,2259343105.97937,2265343337.37928,2265518011.35325,2245699076.9535,2232872032.72343,2244155037.75448,2236029242.48149,2234916513.09828,2217642883.58774,2230372014.08977
Ovis nivicola,2454499851.08946,2445046200.95581,2435498700.40638,2420944707.2875,2413371659.70119,2419705260.23418,2397851802.42219,2391499667.75338,2404518932.91579,2381193119.86476,2398122333.28363,2385541207.14063,2382063926.55408,2378690930.57265,2363694127.37803,2365965395.41984,2364920271.28823,2356653410.21019,2342562394.39858,2355846048.21594,2342674251.37697,2333398316.96665,2337122914.76816,2344413351.55025,2339536018.66254
Ozotoceros bezoarticus,392929563.142526,395338940.911299,394905664.488062,395768765.932321,395589916.765524,390755089.72337,391388424.191285,391482587.31479,389591567.071579,389944517.829294,387145807.780365,387538352.163721,387897550.63149,383090029.737122,384613153.140017,383562993.969044,381384373.61108,381112576.579092,381514349.669565,381689956.610818,381095718.520139,379937437.756505,380449618.429579,378440402.316964,379702392.353999
Pantholops hodgsonii,2102243661.21373,2087050731.76284,2076250302.6233,2073458108.58785,2080515264.68497,2068596551.64171,2081083751.68101,2069108751.8737,2067814836.55247,2059140552.29514,2043184604.74023,2041295995.29865,2041003452.92851,2034898941.29834,2036855038.38446,2035960284.97108,2003552109.79073,2018523372.33865,2020322899.69749,2007953361.86753,2006760852.10544,2003259105.35457,2006344038.60013,2002116476.65843,2001961386.86879
Pelea capreolus,111697657.235086,111900743.24333,111805249.744135,111210786.781602,110958394.022193,110622091.27962,110527797.349696,110531372.26541,109937112.752369,110244947.150987,108711522.16823,109151270.721273,109443664.711191,108161863.619292,108235387.885034,108440957.777043,107882225.580191,108523006.898506,108372691.825972,107181701.157397,107652253.090537,106533238.770712,107023306.953377,106634204.227809,106875227.207194
Philantomba maxwellii,4460894170.02976,4494815289.08252,4468869571.36748,4447441204.56932,4405861187.99045,4428239679.67155,4432500582.3841,4390325291.59529,4387048713.58446,4353457461.44758,4373027535.40024,4371847574.53583,4359798240.03492,4367571064.08032,4346884002.72683,4335216376.06918,4325203140.15411,4295582627.17863,4305538986.27438,4300316517.43012,4273425659.80093,4312133055.74315,4307674016.46129,4291540393.68123,4298246371.46287
Philantomba monticola,8029843552.96864,8023570807.20544,8029194770.52842,7982551327.97105,7913798199.29456,7930558627.16619,7948285340.80685,7934338342.58183,7961501682.69216,7868099329.51742,7873181516.78362,7847979239.14108,7806506516.40595,7842803041.2518,7808139153.09067,7814901847.95176,7775959878.12722,7756152944.45735,7710026790.01055,7674906198.20613,7693731680.40407,7683842130.16467,7685858354.76844,7685949777.26417,7694405586.06869
Procapra gutturosa,7745847031.30107,7736826436.07052,7751189573.49602,7708820110.24735,7680227416.8214,7682637554.93353,7690033684.24188,7617829565.6551,7574025824.98859,7578143836.35604,7587392317.13845,7518803503.0902,7549646876.39733,7552954835.65272,7541693348.4417,7514532466.65637,7480828764.88883,7532519473.49706,7441070020.17096,7419345030.56083,7422215643.05516,7402459005.95259,7398363398.62774,7367909999.49422,7397015999.8087
Procapra picticaudata,940906582.116867,932085278.764775,925465896.126839,928831237.53611,922197952.91491,929415659.233381,923126023.760105,927266878.600964,914727872.335446,915637720.139143,906049025.393993,920641446.305407,910577026.581941,909772688.68029,903769015.794169,909550949.201099,904474725.789098,895993765.239583,897275376.438041,897064560.609346,896295180.250401,903216397.643162,896066948.830474,890079145.450223,895051008.409651
Procapra przewalskii,11174170.0608115,11204876.8291516,11177474.9368567,11069831.6433127,11057071.548093,11119145.893688,11019106.9344625,10990981.0763785,11009607.3374687,11038817.6269177,10997082.5706724,10891508.0465296,10879802.6317708,10854245.6728201,10838198.2892342,10774759.3587411,10793633.6301956,10793936.3092301,10793361.2274498,10717906.455263,10731689.7680842,10705402.343885,10755543.1428823,10679718.675051,10698357.4420054
Pseudois nayaur,3173174925.50897,3156226276.93518,3157032787.26177,3143689792.31012,3143014320.11659,3123967529.8979,3120109004.91079,3121875434.67794,3099064588.60446,3124390664.67317,3082038344.22778,3063592485.04651,3086545849.9425,3082347232.31407,3079054092.52829,3072086951.08913,3071033662.03266,3054312613.17059,3063883896.96773,3052669774.02114,3032459201.76425,3017919282.41577,3022472621.36829,3034169453.17076,3052890742.90693
Pseudoryx nghetinhensis,5687341.12678652,5709009.91543053,5667900.12082781,5643419.28542947,5678133.23775559,5636997.27059849,5641137.26879564,5595610.60072728,5592078.27407725,5581217.68626983,5604292.75838556,5565171.12576435,5559157.71702153,5605130.03369996,5556461.59503132,5510302.12536374,5518908.51551814,5492544.55989057,5533188.51201405,5485607.05513437,5479747.74460589,5484058.24201097,5439100.83916233,5494119.29739544,5458990.12978183
Pudu mephistophiles,109951887.46398,109753815.079704,109825459.048991,109096582.48099,109241469.373326,108761353.413807,108487739.994324,108028471.150098,108290610.186482,108109896.280153,107544758.411434,107375008.462335,106959476.491551,106874224.20162,106945962.044658,106644002.219559,106207279.526291,106110475.456222,105770910.609994,105676196.040928,105502714.482051,105492460.942911,105320808.42238,105286974.736269,105127632.545837
Pudu puda,638745821.788843,639001806.823745,637575745.386627,635240708.05047,633113342.940833,634247794.014701,630883620.734102,629645555.803057,628069993.328827,626176057.192452,626239098.280024,626830354.82959,623998605.315433,622814826.400896,621215500.539792,620589212.198515,617463784.482353,618007954.682134,617789482.706505,614431007.065661,614554799.482037,614621147.777925,612948022.817797,613225476.210877,613950694.596095
Rangifer tarandus,94856260530.6577,95491063225.8072,94389548112.9664,93917115694.6354,94204441495.5938,93507251195.3003,94294436575.3468,94046620795.1051,93275837957.3497,93219601963.991,93459282643.0225,93208890464.2455,92789082948.8975,92627182334.6892,92567461143.6978,92210766778.7464,91362543247.5429,91059724392.4519,91618999165.9442,91695839620.1967,91088746922.7509,90729996215.2518,91176727379.4866,91351704116.7212,91452219524.4342
Raphicerus campestris,8598365677.23123,8552874281.05872,8547624210.02105,8540367804.09748,8483387673.73176,8496925485.10009,8480704585.98528,8405188195.77359,8441504567.55776,8409211362.27373,8385889064.72765,8383181066.86214,8347692808.75633,8331573589.36258,8335048308.97997,8312214735.96039,8316220922.4993,8269978597.85565,8253650626.73848,8246096134.18864,8234767575.54197,8220153035.5464,8217737700.70565,8211168458.0535,8201155750.774
Raphicerus melanotis,601773123.011041,604640518.5832,599730309.07928,607651752.508154,600608785.281204,597017539.918772,594895824.482406,597888141.433558,589353190.974495,594727245.626837,590557551.448969,588206540.030121,587877952.320442,587394309.222739,586893433.30282,582997995.341876,589643283.963318,586011365.100593,583514733.98178,579476881.803192,581422721.136841,579398418.34123,579617468.547795,576894860.109904,579087042.094957
Raphicerus sharpei,224497566.710105,222992282.501269,222808157.695929,220995157.149522,221880361.686902,219895861.602374,220249932.225568,220035619.426156,220701392.266344,219587311.8986,218321598.443976,218127478.557734,218804500.693213,217507605.850797,216151342.631564,217250827.261843,215105455.352246,215733787.934555,216122753.159089,213058238.384482,214622905.89405,213379817.607498,215150207.12609,213195481.849959,214747427.808767
Redunca arundinum,1212264986.31424,1209390930.3777,1204166590.03264,1198355872.4216,1204378307.90334,1195897981.91246,1198333760.17716,1190171833.94348,1183764142.65146,1186150626.54186,1181106510.31528,1179745930.42984,1172084000.5527,1187240149.94653,1176224367.41313,1171356077.39833,1171787039.82674,1170208414.28985,1161400083.44225,1158772132.11088,1161115075.03905,1165384300.99111,1162142391.49824,1163813591.69481,1159278637.78477
Redunca fulvorufula,189891266.610681,189574385.163798,188623099.051565,188861093.46157,187728535.929653,187553181.842245,186781778.252848,187256637.689073,186622251.049493,185447935.970532,185568749.66464,184942170.805236,185280445.547436,184472597.048139,183588513.336691,184133458.589504,183382015.686958,183306752.961144,182910178.901098,182663616.532897,182029954.293891,182594461.13326,181429089.856473,181882643.971163,181504661.706251
Redunca redunca,36218926338.0086,36035999680.4485,35953062296.2123,35994874985.0051,35866457181.477,35768755018.2055,35749434032.954,35622295270.552,35530580491.1273,35460417029.5658,35372220595.4366,35318426060.9068,35190597130.1824,35190095988.6392,35205891386.216,35045222236.1732,34945961893.5269,34873135059.2187,34791581708.1526,34840001726.0976,34722404300.667,34750560647.1562,34711555650.5345,34562608119.729,34726161253.4565
Rupicapra pyrenaica,634869676.829889,630805890.811941,630873733.921469,630662408.471583,630340219.966824,625320521.27343,620164093.421815,621295538.859281,620878331.246948,618463146.145457,620889947.011511,618829751.296492,617790047.296083,614492805.39013,610358038.172754,615419196.095153,609866417.621364,607103456.57593,608767330.081271,610182984.596246,605535499.070073,607793803.923992,605343101.017608,604181673.125022,607901499.52567
Rupicapra rupicapra,6197130688.09535,6203009130.80933,6177144706.97888,6148462457.31078,6116961627.62045,6111585301.73666,6090923233.40906,6095062994.89412,6072582844.48265,6085784068.49654,6036582372.21283,6025425054.23047,6039768985.20141,6022806207.82848,5996906917.74762,5973669543.29074,5969115421.53862,5962903544.73835,5964823113.57089,5929065021.46203,5945090920.95022,5916693267.46259,5938591535.10281,5924829631.48324,5938755112.3106
Rusa alfredi,13449904.0589681,13503414.184924,13285146.336638,13384200.7327976,13329957.4255587,13322922.0347422,13335222.5212252,13220543.8416603,13134488.0471052,13140406.1306984,13179827.6430447,13100472.8524901,13128891.5613038,13047935.7429368,13078925.9260099,13019876.2818453,12923875.5539095,12942675.1570453,12936786.3847979,12937256.6139083,12972311.8462881,12878869.6417573,12874964.3600517,12830239.2456672,12951615.4037575
Rusa marianna,463152095.830542,462216437.341853,461549191.404561,459716201.930236,458988842.815666,458198663.060799,456501396.670817,456284782.77284,454115607.147619,454917631.468136,452310366.770012,451672037.572187,451081230.851164,450513175.146639,449274059.849339,447387375.998367,446984798.080651,447420247.61063,445931131.564819,443981498.000809,445588412.220294,444670660.271505,444046514.792529,442369337.163256,443151487.384669
Rusa timorensis,289796656.758687,288651957.15391,287351710.965135,288243805.992669,285621678.150645,284052430.942685,285188120.732012,283033493.500047,283414132.178622,282189389.703756,282012131.341971,282040101.655486,280180829.771787,278598497.598592,281119081.205403,279323641.092629,278683674.495101,277414339.285649,278780467.34229,275776166.4509,276787363.950768,277616865.380328,275559744.464984,276002351.753096,273278743.092113
Rusa unicolor,14297805644.7277,14254299671.3891,14173234522.6458,14182519196.3133,14142333264.7405,14113718151.1383,14137121874.2506,14051299233.8985,13969337266.5818,14008531138.3167,13927808522.8355,13961739328.5068,13924098923.1205,13854177181.8756,13836058857.3209,13797902823.3225,13792248187.7697,13761953586.894,13749818848.4493,13737060535.1934,13691416753.3727,13694851930.6731,13671248100.5813,13640168902.3055,13622277270.9663
Saiga tatarica,524018814.681641,524188524.293633,519641575.522239,519585832.366712,518801074.712816,517083457.152376,514651043.475932,515606567.376215,513423967.521729,515286571.265051,508954801.841218,507828747.65196,510630227.528714,508188812.831022,504616957.79118,506296357.100447,504960632.007951,501374339.122106,506246701.970581,504107202.021236,502672919.376513,501437868.861394,498786147.994636,503051002.629205,500783829.372637
Sylvicapra grimmia,16201146541.231,16168666014.5284,16220644690.1553,16090382275.6658,16018078725.427,15909387344.5284,15917890012.8888,15822562308.4728,15874108132.2311,15865514811.5187,15765001314.4011,15810488766.3691,15696112824.613,15781158568.795,15762224460.7817,15613174171.843,15564039682.4715,15547484783.7393,15593451023.1114,15584739479.1052,15574313009.8146,15504292216.3385,15482350779.5745,15478033726.7856,15410308778.097
Syncerus caffer,124709142987.314,123882314676.062,123979865546.23,122956814753.134,123364179585.466,123122937203.094,122641146112.984,122470823915.981,122086554174.674,121628522003.348,120808311105.066,121609156537.466,121148338447.304,120764689688.547,120371781013.748,120469800310.939,119362528314.324,120258119993.59,120342920292.652,119189377092.869,119987623549.401,119020008046.7,119053937405.347,119486085465.711,118669928381.22
Tetracerus quadricornis,63569326.0405324,63632345.5170522,63132953.5485761,62953753.6503118,63383663.2322605,62776432.2794776,63217761.0654098,62452338.1598673,61962050.0768413,62130994.3718369,62283176.9219519,62218717.1560206,61805463.2590738,62019171.5730376,61568226.4545478,61560457.2957216,61328400.9787437,61219776.334477,61346941.7895564,61462760.4946861,60886753.7594452,61035638.3293291,60522995.3895075,60765141.4486867,60733732.1084682
Tragelaphus angasii,932703788.06839,925145853.459861,930609566.779274,917446827.264347,921595181.820123,922289547.94736,911714409.734043,919229887.891067,916220772.328023,911382822.582338,909823661.489801,908174749.867398,903824356.365788,905049467.786062,904487814.651456,906042341.445664,898352557.314474,900836980.059542,896240992.797061,895744204.567119,897646725.727942,890879456.5215,893647225.365208,891489330.357879,898105371.324732
Tragelaphus buxtoni,263385690.522172,263621589.817099,262498449.401834,263209308.079947,261428188.710618,260674428.047961,261542450.066372,259060049.711014,257243862.814126,259435641.55811,256647928.562917,257447398.333392,257451020.287273,256275326.259267,255813639.662393,254422512.958131,256204692.088252,254200485.167383,256054117.621219,252275418.337203,255350844.769578,252676824.314909,252020093.028767,252054635.108895,252554881.450513
Tragelaphus derbianus,3099651705.28012,3081842175.10673,3085391082.51711,3073516683.32949,3075679008.09371,3044598328.48913,3048458202.21921,3046831242.96181,3035938712.51776,3025186708.80077,3012564396.41228,3035694629.38342,3025435043.05215,2992577025.34666,2986238844.05237,3001125458.14795,2986000356.54242,2986431762.35658,2955510385.06393,2963059628.13801,2966654176.23292,2957245180.07315,2971969451.12871,2961425372.37087,2962448400.60114
Tragelaphus eurycerus,2516727575.01468,2515582410.03389,2499002062.84744,2480093174.43305,2477661891.08485,2481642904.77379,2488055916.15998,2475186790.14436,2468352574.36635,2459931412.20017,2462997862.29507,2465913875.15944,2429257458.09485,2439733425.62332,2432366848.79262,2442213663.56073,2449173980.04714,2413493030.92884,2418307083.79875,2427206949.54069,2397021996.22996,2408221679.41807,2406510709.09608,2391414032.04326,2398112962.55832
Tragelaphus imberbis,3214789740.49437,3193050303.31866,3190091087.30456,3199507343.93891,3180658435.64671,3170117859.14257,3146526789.84961,3151826550.7721,3175219433.90494,3160071132.19743,3136317986.06869,3145858246.7132,3125171898.19021,3119066009.31003,3109334930.70894,3118528479.50655,3118013757.25993,3104809870.6207,3107925883.62525,3097950600.32656,3081465946.90985,3071971608.57503,3088545496.13286,3090130632.81125,3069883301.177
Tragelaphus oryx,22010757650.397,21843353215.4528,21946299406.4003,21755086392.9278,21448498514.2899,21563000001.088,21580655686.7904,21534136449.7055,21442325011.535,21440696020.0223,21391815903.0827,21195771289.6323,21386013991.2441,21258460673.1021,21306669177.8669,21293224294.2899,21243992820.174,21054469735.476,21047222741.729,20985475616.6995,20871191356.9844,20854763539.9564,20854952506.2493,20927144446.1903,21004327631.1523
Tragelaphus scriptus,15563580842.2909,15502089980.1567,15501814681.0715,15446310864.665,15463267675.4443,15426787318.8544,15230462609.9671,15356971002.2859,15296225891.0296,15253474902.8839,15198183984.6537,15215387545.5809,15213253459.8938,15044787860.8742,15023173104.5112,15070798000.8659,14974088413.2615,15013634731.2571,15040195499.9821,14958650953.162,14952076982.9203,14821966775.3924,15000992106.1296,14846376813.5501,14979778801.5521
Tragelaphus strepsiceros,31606677685.1764,31791124424.0622,31697716353.2776,31535313220.9129,31502374966.7524,31555581602.7003,31478963337.8671,31105947950.9124,31076142022.2289,31094104157.817,31095340669.9483,30894022248.9596,30726398896.1669,31005457933.3476,30783924941.7806,30969502752.8785,30720152802.7068,30791111041.5646,30789355622.4829,30539281615.9048,30517728303.997,30560678872.2476,30524163613.0102,30412210820.2623,30478921343.396
Tragulus kanchil,1033057606.97976,1036400833.43936,1034308983.10691,1027504050.2239,1031549576.93275,1027305992.74516,1023606291.82302,1022319846.31542,1016221061.64171,1013349420.90361,1012126425.41314,1016009712.53559,1007861397.04015,1008211272.3453,1007681149.01939,1003398685.79578,998626922.77054,997904933.594603,998712631.890479,990817762.025806,994308399.205982,995099684.648416,993667576.584359,992677241.23044,992165750.259491
Tragulus napu,2044353649.03183,2035827380.9174,2036318563.94085,2028001201.50426,2024728697.7628,2019529651.38776,2016870335.4282,2012497925.7622,2009507330.08432,1997473900.68511,1999853781.01966,1991667993.86787,1991768120.52011,1981829562.23101,1982167422.88569,1983993181.57702,1978985082.9122,1967493099.63551,1967549893.81094,1963351488.91422,1957889834.61503,1963656331.44048,1960079147.07521,1956210533.87225,1952475822.52955
Tragulus nigricans,24858925.3687718,24735293.4968808,24749540.3930876,24597797.4904423,24599263.6707416,24624556.7734181,24471202.0342317,24438534.1158635,24468476.3576912,24321123.5742732,24320642.5812797,24219680.8165335,24260609.8634807,24121854.1066985,24141375.6550686,24114773.49035,24057730.0966365,23937633.1688851,23927512.3917678,23896192.433614,23835228.2556411,23824936.9584944,23803801.5910828,23823974.8981756,23738747.8797404
Vicugna vicugna,7227492695.81806,7200846773.71838,7204102304.50559,7169114476.27288,7126689344.75465,7093872544.55072,7083607282.60909,7106259424.08053,7095769514.8316,7087150161.45436,7052564664.22979,7030986079.1878,6988226473.31086,7034519545.62841,6953509732.43847,7008741089.02881,6972361984.42598,6915686890.6485,6984012615.47735,6947005465.46896,6947821358.06372,7010068278.48602,6900633155.05074,6912727191.81374,6881499734.36895
